{
  "timestamp": "2026-01-14T16:11:40.898628",
  "test_set_size": 1206,
  "primary_metric": "roc_auc",
  "best_model": "random_forest",
  "best_score": 0.9769871677917654,
  "model_results": {
    "logistic_regression": {
      "metrics": {
        "roc_auc": 0.9722070181840298,
        "average_precision": 0.9117080582480974,
        "precision": 0.8,
        "recall": 0.9195402298850575,
        "f1_score": 0.8556149732620321,
        "true_positive_rate": 0.9195402298850575,
        "false_positive_rate": 0.06349206349206349,
        "true_negative_rate": 0.9365079365079365,
        "false_negative_rate": 0.08045977011494253
      },
      "confusion_matrix": {
        "true_negatives": 885,
        "false_positives": 60,
        "false_negatives": 21,
        "true_positives": 240
      }
    },
    "random_forest": {
      "metrics": {
        "roc_auc": 0.9769871677917654,
        "average_precision": 0.9279594881148433,
        "precision": 0.8184931506849316,
        "recall": 0.9157088122605364,
        "f1_score": 0.864376130198915,
        "true_positive_rate": 0.9157088122605364,
        "false_positive_rate": 0.056084656084656084,
        "true_negative_rate": 0.9439153439153439,
        "false_negative_rate": 0.0842911877394636
      },
      "confusion_matrix": {
        "true_negatives": 892,
        "false_positives": 53,
        "false_negatives": 22,
        "true_positives": 239
      }
    },
    "xgboost": {
      "metrics": {
        "roc_auc": 0.9757221918141459,
        "average_precision": 0.9242298441804233,
        "precision": 0.8226950354609929,
        "recall": 0.8888888888888888,
        "f1_score": 0.85451197053407,
        "true_positive_rate": 0.8888888888888888,
        "false_positive_rate": 0.05291005291005291,
        "true_negative_rate": 0.9470899470899471,
        "false_negative_rate": 0.1111111111111111
      },
      "confusion_matrix": {
        "true_negatives": 895,
        "false_positives": 50,
        "false_negatives": 29,
        "true_positives": 232
      }
    }
  }
}