{
  "best_params": {
    "classifier__n_estimators": 200,
    "classifier__min_samples_split": 5,
    "classifier__min_samples_leaf": 4,
    "classifier__max_features": null,
    "classifier__max_depth": 5
  },
  "best_score": 0.9331792516746706,
  "scoring_metric": "roc_auc",
  "cv_folds": 5,
  "method": "random",
  "n_iterations": 20,
  "cv_results": {
    "mean_test_score": [
      0.9320243072659963,
      0.9297126899289244,
      0.9260382835651633,
      0.9121300651630116,
      0.9119435808343452,
      0.9331792516746706,
      0.9314129882246236,
      0.9277933557292453,
      0.9248649884803918,
      0.928287395944075,
      0.9274616851908112,
      0.9320414682779861,
      0.9265502495077443,
      0.9252032620705704,
      0.9315790134251722,
      0.9280431736094075,
      0.9270675986539517,
      0.9249884470954756,
      0.9217657707998285,
      0.9192623376128062
    ],
    "std_test_score": [
      0.01881109341502067,
      0.017014237815574765,
      0.018302162170108868,
      0.013549639891312087,
      0.013461548558245839,
      0.017951796576761676,
      0.017051864729313856,
      0.020126066988314067,
      0.02094775390657367,
      0.019134933739453273,
      0.018910028131484978,
      0.018551593474434414,
      0.019620906086261238,
      0.019529336386670093,
      0.017967796736618472,
      0.016654500582039152,
      0.020750538887160525,
      0.020819267927889278,
      0.014307791417568905,
      0.019240227384806883
    ],
    "mean_train_score": [
      0.9631540244898339,
      0.9979799520271918,
      0.9991619505094764,
      0.9514769896480868,
      0.951508694471934,
      0.9638989008977766,
      0.9909606619418941,
      0.9994476061518988,
      0.9998975376633789,
      0.996074272460007,
      0.9999475375914549,
      0.962625248187492,
      0.9998529812229053,
      0.9997338712750297,
      0.990970762137783,
      0.9996891456343908,
      0.9962072442343898,
      1.0,
      0.9588552671756853,
      0.9974666919037276
    ],
    "params": [
      "{'classifier__n_estimators': 100, 'classifier__min_samples_split': 10, 'classifier__min_samples_leaf': 2, 'classifier__max_features': None, 'classifier__max_depth': 5}",
      "{'classifier__n_estimators': 200, 'classifier__min_samples_split': 2, 'classifier__min_samples_leaf': 1, 'classifier__max_features': None, 'classifier__max_depth': 15}",
      "{'classifier__n_estimators': 100, 'classifier__min_samples_split': 10, 'classifier__min_samples_leaf': 1, 'classifier__max_features': None, 'classifier__max_depth': None}",
      "{'classifier__n_estimators': 50, 'classifier__min_samples_split': 10, 'classifier__min_samples_leaf': 1, 'classifier__max_features': 'log2', 'classifier__max_depth': 5}",
      "{'classifier__n_estimators': 50, 'classifier__min_samples_split': 10, 'classifier__min_samples_leaf': 2, 'classifier__max_features': 'log2', 'classifier__max_depth': 5}",
      "{'classifier__n_estimators': 200, 'classifier__min_samples_split': 5, 'classifier__min_samples_leaf': 4, 'classifier__max_features': None, 'classifier__max_depth': 5}",
      "{'classifier__n_estimators': 200, 'classifier__min_samples_split': 2, 'classifier__min_samples_leaf': 1, 'classifier__max_features': None, 'classifier__max_depth': 10}",
      "{'classifier__n_estimators': 200, 'classifier__min_samples_split': 10, 'classifier__min_samples_leaf': 1, 'classifier__max_features': 'sqrt', 'classifier__max_depth': None}",
      "{'classifier__n_estimators': 100, 'classifier__min_samples_split': 5, 'classifier__min_samples_leaf': 2, 'classifier__max_features': 'log2', 'classifier__max_depth': None}",
      "{'classifier__n_estimators': 100, 'classifier__min_samples_split': 5, 'classifier__min_samples_leaf': 4, 'classifier__max_features': 'sqrt', 'classifier__max_depth': 20}",
      "{'classifier__n_estimators': 200, 'classifier__min_samples_split': 5, 'classifier__min_samples_leaf': 2, 'classifier__max_features': 'log2', 'classifier__max_depth': None}",
      "{'classifier__n_estimators': 50, 'classifier__min_samples_split': 10, 'classifier__min_samples_leaf': 4, 'classifier__max_features': None, 'classifier__max_depth': 5}",
      "{'classifier__n_estimators': 100, 'classifier__min_samples_split': 5, 'classifier__min_samples_leaf': 2, 'classifier__max_features': 'log2', 'classifier__max_depth': 20}",
      "{'classifier__n_estimators': 50, 'classifier__min_samples_split': 2, 'classifier__min_samples_leaf': 2, 'classifier__max_features': None, 'classifier__max_depth': None}",
      "{'classifier__n_estimators': 200, 'classifier__min_samples_split': 2, 'classifier__min_samples_leaf': 4, 'classifier__max_features': None, 'classifier__max_depth': 10}",
      "{'classifier__n_estimators': 50, 'classifier__min_samples_split': 5, 'classifier__min_samples_leaf': 2, 'classifier__max_features': 'sqrt', 'classifier__max_depth': 20}",
      "{'classifier__n_estimators': 50, 'classifier__min_samples_split': 10, 'classifier__min_samples_leaf': 2, 'classifier__max_features': 'sqrt', 'classifier__max_depth': 15}",
      "{'classifier__n_estimators': 100, 'classifier__min_samples_split': 2, 'classifier__min_samples_leaf': 1, 'classifier__max_features': 'log2', 'classifier__max_depth': None}",
      "{'classifier__n_estimators': 50, 'classifier__min_samples_split': 2, 'classifier__min_samples_leaf': 2, 'classifier__max_features': 'sqrt', 'classifier__max_depth': 5}",
      "{'classifier__n_estimators': 50, 'classifier__min_samples_split': 10, 'classifier__min_samples_leaf': 1, 'classifier__max_features': 'log2', 'classifier__max_depth': 15}"
    ]
  }
}