{
  "best_params": {
    "classifier__subsample": 0.8,
    "classifier__n_estimators": 100,
    "classifier__min_child_weight": 1,
    "classifier__max_depth": 6,
    "classifier__learning_rate": 0.05,
    "classifier__gamma": 0.1,
    "classifier__colsample_bytree": 0.9
  },
  "best_score": 0.9343218195434245,
  "scoring_metric": "roc_auc",
  "cv_folds": 5,
  "method": "random",
  "n_iterations": 20,
  "cv_results": {
    "mean_test_score": [
      0.9328625122359698,
      0.9276515956089405,
      0.9286889547272693,
      0.9284139953628345,
      0.9277312172315277,
      0.9303685399582824,
      0.9312985703799157,
      0.932272494907839,
      0.9263230748766492,
      0.923891187942739,
      0.9332328131875517,
      0.9319879294797102,
      0.9327516554453108,
      0.9325036432532524,
      0.9252377243234653,
      0.9343218195434245,
      0.9310466180510458,
      0.9258674837573595,
      0.9328183312748071,
      0.9322734119409757
    ],
    "std_test_score": [
      0.015165959461492207,
      0.0182848978787389,
      0.019083604542382573,
      0.016583164341650244,
      0.01753065762965103,
      0.014701289526409459,
      0.01585646283835621,
      0.01601923888556753,
      0.018554536773539593,
      0.01763076253584425,
      0.015837916426950222,
      0.015224864386271115,
      0.015791548488087226,
      0.01603941276280987,
      0.016727306763575457,
      0.015235813428175406,
      0.0176721262539953,
      0.021646587225102945,
      0.016856203473168584,
      0.01568220689825623
    ],
    "mean_train_score": [
      0.986857702124526,
      1.0,
      1.0,
      0.9999986394159842,
      0.9997995702139025,
      0.9999787476378643,
      0.9872334791213124,
      0.9899525678288246,
      1.0,
      1.0,
      0.982492084094382,
      0.9906869154961392,
      0.9744721322408763,
      0.9980124144603529,
      0.9999480413643335,
      0.9972568767802938,
      0.9829999598891291,
      0.9641764960286346,
      0.9956662917184168,
      0.9997433283333395
    ],
    "params": [
      "{'classifier__subsample': 1.0, 'classifier__n_estimators': 100, 'classifier__min_child_weight': 5, 'classifier__max_depth': 4, 'classifier__learning_rate': 0.1, 'classifier__gamma': 0.1, 'classifier__colsample_bytree': 0.8}",
      "{'classifier__subsample': 1.0, 'classifier__n_estimators': 200, 'classifier__min_child_weight': 3, 'classifier__max_depth': 7, 'classifier__learning_rate': 0.2, 'classifier__gamma': 0.1, 'classifier__colsample_bytree': 1.0}",
      "{'classifier__subsample': 0.8, 'classifier__n_estimators': 200, 'classifier__min_child_weight': 3, 'classifier__max_depth': 6, 'classifier__learning_rate': 0.1, 'classifier__gamma': 0.1, 'classifier__colsample_bytree': 1.0}",
      "{'classifier__subsample': 0.9, 'classifier__n_estimators': 200, 'classifier__min_child_weight': 1, 'classifier__max_depth': 5, 'classifier__learning_rate': 0.1, 'classifier__gamma': 0.1, 'classifier__colsample_bytree': 1.0}",
      "{'classifier__subsample': 0.9, 'classifier__n_estimators': 50, 'classifier__min_child_weight': 5, 'classifier__max_depth': 7, 'classifier__learning_rate': 0.2, 'classifier__gamma': 0.5, 'classifier__colsample_bytree': 0.9}",
      "{'classifier__subsample': 1.0, 'classifier__n_estimators': 100, 'classifier__min_child_weight': 3, 'classifier__max_depth': 7, 'classifier__learning_rate': 0.1, 'classifier__gamma': 0.1, 'classifier__colsample_bytree': 0.9}",
      "{'classifier__subsample': 0.9, 'classifier__n_estimators': 50, 'classifier__min_child_weight': 3, 'classifier__max_depth': 5, 'classifier__learning_rate': 0.1, 'classifier__gamma': 0.5, 'classifier__colsample_bytree': 1.0}",
      "{'classifier__subsample': 0.9, 'classifier__n_estimators': 50, 'classifier__min_child_weight': 1, 'classifier__max_depth': 5, 'classifier__learning_rate': 0.1, 'classifier__gamma': 1.0, 'classifier__colsample_bytree': 1.0}",
      "{'classifier__subsample': 0.9, 'classifier__n_estimators': 200, 'classifier__min_child_weight': 1, 'classifier__max_depth': 5, 'classifier__learning_rate': 0.2, 'classifier__gamma': 0, 'classifier__colsample_bytree': 0.8}",
      "{'classifier__subsample': 0.8, 'classifier__n_estimators': 200, 'classifier__min_child_weight': 3, 'classifier__max_depth': 5, 'classifier__learning_rate': 0.2, 'classifier__gamma': 0.1, 'classifier__colsample_bytree': 1.0}",
      "{'classifier__subsample': 0.9, 'classifier__n_estimators': 200, 'classifier__min_child_weight': 5, 'classifier__max_depth': 6, 'classifier__learning_rate': 0.01, 'classifier__gamma': 0, 'classifier__colsample_bytree': 1.0}",
      "{'classifier__subsample': 0.9, 'classifier__n_estimators': 200, 'classifier__min_child_weight': 3, 'classifier__max_depth': 4, 'classifier__learning_rate': 0.05, 'classifier__gamma': 0.5, 'classifier__colsample_bytree': 1.0}",
      "{'classifier__subsample': 0.8, 'classifier__n_estimators': 100, 'classifier__min_child_weight': 5, 'classifier__max_depth': 3, 'classifier__learning_rate': 0.1, 'classifier__gamma': 1.0, 'classifier__colsample_bytree': 1.0}",
      "{'classifier__subsample': 0.8, 'classifier__n_estimators': 200, 'classifier__min_child_weight': 3, 'classifier__max_depth': 5, 'classifier__learning_rate': 0.05, 'classifier__gamma': 0.5, 'classifier__colsample_bytree': 0.9}",
      "{'classifier__subsample': 0.8, 'classifier__n_estimators': 100, 'classifier__min_child_weight': 3, 'classifier__max_depth': 5, 'classifier__learning_rate': 0.2, 'classifier__gamma': 0.1, 'classifier__colsample_bytree': 0.9}",
      "{'classifier__subsample': 0.8, 'classifier__n_estimators': 100, 'classifier__min_child_weight': 1, 'classifier__max_depth': 6, 'classifier__learning_rate': 0.05, 'classifier__gamma': 0.1, 'classifier__colsample_bytree': 0.9}",
      "{'classifier__subsample': 0.9, 'classifier__n_estimators': 100, 'classifier__min_child_weight': 5, 'classifier__max_depth': 7, 'classifier__learning_rate': 0.01, 'classifier__gamma': 0, 'classifier__colsample_bytree': 0.8}",
      "{'classifier__subsample': 1.0, 'classifier__n_estimators': 50, 'classifier__min_child_weight': 3, 'classifier__max_depth': 5, 'classifier__learning_rate': 0.01, 'classifier__gamma': 1.0, 'classifier__colsample_bytree': 0.8}",
      "{'classifier__subsample': 0.9, 'classifier__n_estimators': 100, 'classifier__min_child_weight': 3, 'classifier__max_depth': 6, 'classifier__learning_rate': 0.05, 'classifier__gamma': 0.1, 'classifier__colsample_bytree': 0.8}",
      "{'classifier__subsample': 0.8, 'classifier__n_estimators': 200, 'classifier__min_child_weight': 3, 'classifier__max_depth': 6, 'classifier__learning_rate': 0.05, 'classifier__gamma': 0, 'classifier__colsample_bytree': 0.9}"
    ]
  }
}